{"distortion_drive_db": 20.746378959795365, "pitch_shift_semitones": -7.314512374364597, "highpass_cutoff": 164.06695820649855, "lowpass_cutoff": 2460.9770780087215, "time_stretch_factor": 1.0867598656694677, "bitcrush_bit_depth": 9, "chorus_rate_hz": 7.044698581202646, "phaser_rate_hz": 11.636708094664133, "gain_db": 6.738504989139029}