{"distortion_drive_db": 12.95860077848976, "pitch_shift_semitones": -0.9021873969634949, "highpass_cutoff": 45.10595790918537, "lowpass_cutoff": 4402.550726213067, "time_stretch_factor": 1.0012716007475468, "bitcrush_bit_depth": 7, "chorus_rate_hz": 1.6948562046392057, "phaser_rate_hz": 30.765841277556376, "gain_db": 1.340677914590393}